Country,Month,Available Agents,New Hires,Fired,Total Agents,Assigned Advertisers,Waiting Advertisers,Dropped Advertisers,Graduated Advertisers,Total Cost ($),Revenue Uplift ($),Waiting Cost Penalty ($),Net Profit ($)
Canada,2025-01,228.0,0.0,155.0,228.0,371.0,0.0,0.0,0.0,4945860.0,2264192.6,0.0,-2681667.4
Canada,2025-02,73.0,0.0,0.0,73.0,345.0,0.0,0.0,0.0,371448.33,2134671.98,0.0,1763223.65
Canada,2025-03,73.0,0.0,0.0,73.0,354.0,0.0,0.0,371.0,371448.33,2314039.59,0.0,1942591.2599999998
Canada,2025-04,73.0,0.0,0.0,73.0,357.0,0.0,0.0,345.0,371448.33,2199330.63,0.0,1827882.2999999998
Canada,2025-05,73.0,0.0,0.0,73.0,370.0,0.0,0.0,354.0,371448.33,2270277.45,0.0,1898829.12
Canada,2025-06,73.0,0.0,0.0,73.0,308.0,0.0,0.0,357.0,371448.33,1979249.58,0.0,1607801.25
Canada,2025-07,73.0,0.0,0.0,73.0,320.0,0.0,0.0,370.0,371448.33,2023142.4,0.0,1651694.0699999998
Canada,2025-08,73.0,0.0,0.0,73.0,314.0,0.0,0.0,308.0,371448.33,1993432.14,0.0,1621983.8099999998
Canada,2025-09,73.0,17.0,0.0,90.0,379.0,0.0,0.0,320.0,457950.0,2325091.1,0.0,1867141.1
Canada,2025-10,90.0,0.0,0.0,90.0,518.0,0.0,0.0,314.0,457950.0,3233143.62,0.0,2775193.62
Canada,2025-11,90.0,18.0,0.0,108.0,382.0,168.0,0.0,379.0,549540.0,2443592.88,89555.76,1894052.88
Canada,2025-12,108.0,108.0,0.0,216.0,698.0,0.0,0.0,518.0,1099080.0,4504194.0,0.0,3405114.0
Vietnam,2025-01,59.0,18.0,0.0,77.0,383.0,0.0,0.0,0.0,114884.0,916626.24,0.0,801742.24
Vietnam,2025-02,77.0,0.0,0.0,77.0,378.0,0.0,0.0,0.0,114884.0,876236.13,0.0,761352.13
Vietnam,2025-03,77.0,0.0,0.0,77.0,387.0,0.0,0.0,383.0,114884.0,869618.02,0.0,754734.02
Vietnam,2025-04,77.0,0.0,2.0,77.0,378.0,0.0,0.0,378.0,129207.2,897158.43,0.0,767951.2300000001
Vietnam,2025-05,75.0,0.0,0.0,75.0,363.0,0.0,0.0,387.0,111900.0,869397.7,0.0,757497.7
Vietnam,2025-06,75.0,0.0,0.0,75.0,340.0,0.0,0.0,378.0,111900.0,790168.5,0.0,678268.5
Vietnam,2025-07,75.0,0.0,0.0,75.0,352.0,0.0,0.0,363.0,111900.0,834831.36,0.0,722931.36
Vietnam,2025-08,75.0,0.0,0.0,75.0,306.0,0.0,0.0,340.0,111900.0,661538.34,0.0,549638.34
Vietnam,2025-09,75.0,21.0,0.0,96.0,392.0,0.0,0.0,352.0,143232.0,971505.36,0.0,828273.36
Vietnam,2025-10,96.0,8.0,0.0,104.0,559.0,0.0,0.0,306.0,155168.0,1346295.6,0.0,1191127.6
Vietnam,2025-11,104.0,0.0,0.0,104.0,481.0,75.0,0.0,392.0,155168.0,1107141.75,14385.94,951973.75
Vietnam,2025-12,104.0,104.0,0.0,208.0,557.0,0.0,0.0,559.0,310336.0,1236581.78,0.0,926245.78
Brazil,2025-01,189.0,0.0,96.0,189.0,437.0,0.0,0.0,0.0,1513492.5,3658220.96,0.0,2144728.46
Brazil,2025-02,93.0,0.0,0.0,93.0,428.0,0.0,0.0,0.0,216612.5,3691448.64,0.0,3474836.14
Brazil,2025-03,93.0,0.0,0.0,93.0,448.0,0.0,0.0,437.0,216612.5,3845016.0,0.0,3628403.5
Brazil,2025-04,93.0,0.0,0.0,93.0,456.0,0.0,0.0,428.0,216612.5,3818689.92,0.0,3602077.42
Brazil,2025-05,93.0,0.0,0.0,93.0,466.0,0.0,0.0,448.0,216612.5,3910296.87,0.0,3693684.37
Brazil,2025-06,93.0,0.0,0.0,93.0,367.0,0.0,0.0,456.0,216612.5,3011345.1,0.0,2794732.6
Brazil,2025-07,93.0,0.0,0.0,93.0,385.0,0.0,0.0,466.0,216612.5,3246202.58,0.0,3029590.08
Brazil,2025-08,93.0,0.0,0.0,93.0,405.0,0.0,0.0,367.0,216612.5,3421452.15,0.0,3204839.65
Brazil,2025-09,93.0,19.0,0.0,112.0,468.0,0.0,0.0,385.0,260866.67,4084713.36,0.0,3823846.69
Brazil,2025-10,112.0,16.0,0.0,128.0,649.0,0.0,0.0,405.0,298133.33,5659315.7,0.0,5361182.37
Brazil,2025-11,128.0,0.0,0.0,128.0,631.0,0.0,0.0,468.0,298133.33,5475351.06,0.0,5177217.7299999995
Brazil,2025-12,128.0,0.0,0.0,128.0,587.0,0.0,0.0,649.0,298133.33,5029283.93,0.0,4731150.6
Indonesia,2025-01,120.0,0.0,91.0,120.0,152.0,0.0,0.0,0.0,729779.2,469210.32,0.0,-260568.87999999995
Indonesia,2025-02,29.0,0.0,0.0,29.0,128.0,0.0,0.0,0.0,38009.33,403211.52,0.0,365202.19
Indonesia,2025-03,29.0,0.0,0.0,29.0,131.0,0.0,0.0,152.0,38009.33,387920.48,0.0,349911.14999999997
Indonesia,2025-04,29.0,0.0,0.0,29.0,129.0,0.0,0.0,128.0,38009.33,385533.27,0.0,347523.94
Indonesia,2025-05,29.0,0.0,0.0,29.0,161.0,0.0,0.0,131.0,38009.33,474214.23,0.0,436204.89999999997
Indonesia,2025-06,29.0,0.0,0.0,29.0,112.0,0.0,0.0,129.0,38009.33,324021.6,0.0,286012.26999999996
Indonesia,2025-07,29.0,0.0,0.0,29.0,134.0,0.0,0.0,161.0,38009.33,392064.57,0.0,354055.24
Indonesia,2025-08,29.0,0.0,0.0,29.0,129.0,0.0,0.0,112.0,38009.33,412474.28,0.0,374464.95
Indonesia,2025-09,29.0,8.0,0.0,37.0,159.0,0.0,0.0,134.0,48494.67,459179.28,0.0,410684.61000000004
Indonesia,2025-10,37.0,4.0,0.0,41.0,204.0,0.0,0.0,129.0,53737.33,603924.66,0.0,550187.3300000001
Indonesia,2025-11,41.0,0.0,0.0,41.0,206.0,1.0,0.0,159.0,53737.33,669247.65,270.73,615510.3200000001
Indonesia,2025-12,41.0,0.0,0.0,41.0,187.0,0.0,0.0,204.0,53737.33,588385.22,0.0,534647.89
Turkey,2025-01,102.0,0.0,69.0,102.0,168.0,0.0,0.0,0.0,886832.6,315569.52,0.0,-571263.08
Turkey,2025-02,33.0,0.0,1.0,33.0,161.0,0.0,0.0,0.0,77382.9,289075.5,0.0,211692.6
Turkey,2025-03,32.0,0.0,0.0,32.0,155.0,0.0,0.0,168.0,65509.33,274117.5,0.0,208608.16999999998
Turkey,2025-04,32.0,0.0,0.0,32.0,157.0,0.0,0.0,161.0,65509.33,265912.47,0.0,200403.13999999996
Turkey,2025-05,32.0,0.0,0.0,32.0,163.0,2.0,0.0,155.0,65509.33,269451.23,275.51,203941.89999999997
Turkey,2025-06,32.0,0.0,0.0,32.0,133.0,0.0,0.0,157.0,65509.33,241369.06,0.0,175859.72999999998
Turkey,2025-07,32.0,0.0,0.0,32.0,150.0,0.0,2.0,163.0,65509.33,259888.5,0.0,194379.16999999998
Turkey,2025-08,32.0,0.0,0.0,32.0,134.0,0.0,0.0,133.0,65509.33,224623.53,0.0,159114.2
Turkey,2025-09,32.0,11.0,0.0,43.0,177.0,0.0,0.0,150.0,88028.17,298376.86,0.0,210348.69
Turkey,2025-10,43.0,0.0,0.0,43.0,248.0,0.0,0.0,134.0,88028.17,431523.72,0.0,343495.55
Turkey,2025-11,43.0,2.0,0.0,45.0,182.0,48.0,0.0,177.0,92122.5,314152.02,6904.44,222029.52000000002
Turkey,2025-12,45.0,0.0,0.0,45.0,261.0,0.0,0.0,248.0,92122.5,465701.0,0.0,373578.5
Italy,2025-01,350.0,0.0,270.0,350.0,402.0,0.0,0.0,0.0,5910100.17,1585172.43,0.0,-4324927.74
Italy,2025-02,80.0,0.0,2.0,80.0,389.0,0.0,0.0,0.0,321716.27,1594302.88,0.0,1272586.6099999999
Italy,2025-03,78.0,0.0,0.0,78.0,388.0,0.0,0.0,402.0,280065.5,1559404.98,0.0,1279339.48
Italy,2025-04,78.0,0.0,1.0,78.0,383.0,0.0,0.0,389.0,297300.3,1540705.59,0.0,1243405.29
Italy,2025-05,77.0,0.0,0.0,77.0,366.0,0.0,0.0,388.0,276474.92,1475580.24,0.0,1199105.32
Italy,2025-06,77.0,0.0,0.0,77.0,320.0,0.0,0.0,383.0,276474.92,1276041.6,0.0,999566.6800000002
Italy,2025-07,77.0,0.0,0.0,77.0,392.0,0.0,0.0,366.0,276474.92,1560557.88,0.0,1284082.96
Italy,2025-08,77.0,0.0,0.0,77.0,352.0,0.0,0.0,320.0,276474.92,1504483.2,0.0,1228008.28
Italy,2025-09,77.0,23.0,0.0,100.0,411.0,0.0,0.0,392.0,359058.33,1672817.26,0.0,1313758.93
Italy,2025-10,100.0,0.0,0.0,100.0,583.0,0.0,0.0,352.0,359058.33,2448040.32,0.0,2088981.9899999998
Italy,2025-11,100.0,15.0,0.0,115.0,417.0,179.0,0.0,411.0,412917.08,1658394.4,59323.06,1245477.3199999998
Italy,2025-12,115.0,115.0,0.0,230.0,725.0,0.0,0.0,583.0,825834.17,2951812.12,0.0,2125977.95
UK,2025-01,589.0,0.0,489.0,589.0,504.0,0.0,0.0,0.0,12637894.17,4130912.52,0.0,-8506981.65
UK,2025-02,100.0,0.0,3.0,100.0,487.0,0.0,0.0,0.0,492396.67,3981845.92,0.0,3489449.25
UK,2025-03,97.0,0.0,1.0,97.0,476.0,0.0,0.0,504.0,438164.17,3930655.68,0.0,3492491.5100000002
UK,2025-04,96.0,0.0,3.0,96.0,477.0,0.0,0.0,487.0,475180.0,3915859.95,0.0,3440679.95
UK,2025-05,93.0,0.0,0.0,93.0,450.0,0.0,0.0,476.0,400287.5,3789585.0,0.0,3389297.5
UK,2025-06,93.0,0.0,0.0,93.0,405.0,0.0,0.0,477.0,400287.5,3438456.08,0.0,3038168.58
UK,2025-07,93.0,0.0,0.0,93.0,435.0,0.0,0.0,450.0,400287.5,3719700.22,0.0,3319412.72
UK,2025-08,93.0,0.0,0.0,93.0,435.0,0.0,0.0,405.0,400287.5,3595320.68,0.0,3195033.18
UK,2025-09,93.0,25.0,0.0,118.0,494.0,0.0,0.0,435.0,507891.67,4187398.41,0.0,3679506.74
UK,2025-10,118.0,20.0,0.0,138.0,683.0,0.0,0.0,435.0,593975.0,5671990.58,0.0,5078015.58
UK,2025-11,138.0,0.0,0.0,138.0,697.0,13.0,0.0,494.0,593975.0,5640054.3,8766.22,5046079.3
UK,2025-12,138.0,0.0,0.0,138.0,682.0,0.0,0.0,683.0,593975.0,5568117.39,0.0,4974142.39
Australia,2025-01,450.0,0.0,378.0,450.0,357.0,0.0,0.0,0.0,8209393.5,1981971.18,0.0,-6227422.32
Australia,2025-02,72.0,0.0,0.0,72.0,328.0,0.0,0.0,0.0,261030.0,1763318.16,0.0,1502288.16
Australia,2025-03,72.0,0.0,0.0,72.0,345.0,0.0,0.0,357.0,261030.0,1804362.08,0.0,1543332.08
Australia,2025-04,72.0,0.0,0.0,72.0,366.0,0.0,0.0,328.0,261030.0,1864535.76,0.0,1603505.76
Australia,2025-05,72.0,0.0,0.0,72.0,354.0,1.0,0.0,345.0,261030.0,1897215.21,446.61,1636185.21
Australia,2025-06,72.0,0.0,0.0,72.0,292.0,0.0,0.0,366.0,261030.0,1548338.76,0.0,1287308.76
Australia,2025-07,72.0,0.0,0.0,72.0,318.0,0.0,1.0,354.0,261030.0,1645635.69,0.0,1384605.69
Australia,2025-08,72.0,0.0,0.0,72.0,312.0,0.0,0.0,292.0,261030.0,1646849.88,0.0,1385819.88
Australia,2025-09,72.0,20.0,0.0,92.0,392.0,0.0,0.0,318.0,333538.33,2019744.72,0.0,1686206.39
Australia,2025-10,92.0,14.0,0.0,106.0,521.0,0.0,0.0,312.0,384294.17,2637773.51,0.0,2253479.34
Australia,2025-11,106.0,0.0,0.0,106.0,539.0,32.0,0.0,392.0,384294.17,2821244.58,13957.92,2436950.41
Australia,2025-12,106.0,0.0,0.0,106.0,513.0,0.0,0.0,521.0,384294.17,2631620.74,0.0,2247326.5700000003
China,2025-01,252.0,0.0,161.0,252.0,460.0,0.0,0.0,0.0,1901431.0,4430151.9,0.0,2528720.9000000004
China,2025-02,91.0,0.0,2.0,91.0,443.0,0.0,0.0,0.0,186654.92,4413070.76,0.0,4226415.84
China,2025-03,89.0,0.0,1.0,89.0,444.0,0.0,0.0,460.0,174038.08,4206109.68,0.0,4032071.5999999996
China,2025-04,88.0,0.0,0.0,88.0,433.0,0.0,0.0,443.0,163276.67,4083783.21,0.0,3920506.54
China,2025-05,88.0,0.0,0.0,88.0,445.0,0.0,0.0,444.0,163276.67,4227657.98,0.0,4064381.3100000005
China,2025-06,88.0,0.0,0.0,88.0,369.0,0.0,0.0,433.0,163276.67,3737768.9,0.0,3574492.23
China,2025-07,88.0,0.0,0.0,88.0,411.0,0.0,0.0,445.0,163276.67,4031706.56,0.0,3868429.89
China,2025-08,88.0,0.0,0.0,88.0,374.0,0.0,0.0,369.0,163276.67,3592060.56,0.0,3428783.89
China,2025-09,88.0,28.0,0.0,116.0,485.0,0.0,0.0,411.0,215228.33,4570678.8,0.0,4355450.47
China,2025-10,116.0,17.0,0.0,133.0,673.0,0.0,0.0,374.0,246770.42,6445526.26,0.0,6198755.84
China,2025-11,133.0,0.0,0.0,133.0,655.0,0.0,0.0,485.0,246770.42,6513208.65,0.0,6266438.23
China,2025-12,133.0,133.0,0.0,266.0,609.0,0.0,0.0,673.0,493540.83,6087856.32,0.0,5594315.49
South Korea,2025-01,199.0,0.0,140.0,199.0,303.0,0.0,0.0,0.0,2783861.17,1154380.01,0.0,-1629481.16
South Korea,2025-02,59.0,0.0,0.0,59.0,267.0,0.0,0.0,0.0,188573.83,1060624.12,0.0,872050.2900000002
South Korea,2025-03,59.0,0.0,0.0,59.0,293.0,0.0,0.0,303.0,188573.83,1107777.33,0.0,919203.5000000001
South Korea,2025-04,59.0,0.0,0.0,59.0,294.0,0.0,0.0,267.0,188573.83,1124655.84,0.0,936082.0100000001
South Korea,2025-05,59.0,0.0,0.0,59.0,288.0,0.0,0.0,293.0,188573.83,1131757.92,0.0,943184.09
South Korea,2025-06,59.0,0.0,0.0,59.0,252.0,0.0,0.0,294.0,188573.83,932692.32,0.0,744118.49
South Korea,2025-07,59.0,0.0,0.0,59.0,267.0,0.0,0.0,288.0,188573.83,1065273.93,0.0,876700.1
South Korea,2025-08,59.0,0.0,0.0,59.0,248.0,0.0,0.0,252.0,188573.83,909417.24,0.0,720843.41
South Korea,2025-09,59.0,15.0,0.0,74.0,317.0,0.0,0.0,267.0,236516.33,1166506.11,0.0,929989.7800000001
South Korea,2025-10,74.0,0.0,0.0,74.0,420.0,0.0,0.0,248.0,236516.33,1568492.1,0.0,1331975.77
South Korea,2025-11,74.0,10.0,0.0,84.0,320.0,116.0,0.0,317.0,268478.0,1155556.8,34907.45,887078.8
South Korea,2025-12,84.0,0.0,0.0,84.0,519.0,0.0,0.0,420.0,268478.0,1925035.88,0.0,1656557.88
UAE,2025-01,309.0,0.0,308.0,309.0,0.0,76.0,0.0,0.0,9698879.25,0.0,2979.68,-9698879.25
UAE,2025-02,1.0,0.0,0.0,1.0,10.0,130.0,0.0,0.0,5426.25,5748.3,6227.33,322.0500000000002
UAE,2025-03,1.0,0.0,0.0,1.0,0.0,133.0,76.0,0.0,5426.25,0.0,5085.75,-5426.25
UAE,2025-04,1.0,0.0,0.0,1.0,10.0,71.0,130.0,10.0,5426.25,4768.2,2821.18,-658.0500000000002
UAE,2025-05,1.0,0.0,0.0,1.0,0.0,14.0,133.0,0.0,5426.25,0.0,537.55,-5426.25
UAE,2025-06,1.0,0.0,0.0,1.0,5.0,0.0,71.0,10.0,5426.25,2631.15,0.0,-2795.1
UAE,2025-07,1.0,0.0,0.0,1.0,5.0,45.0,14.0,0.0,5426.25,2274.08,1705.56,-3152.17
UAE,2025-08,1.0,0.0,0.0,1.0,5.0,112.0,0.0,5.0,5426.25,2091.83,3904.74,-3334.42
UAE,2025-09,1.0,0.0,0.0,1.0,5.0,146.0,45.0,5.0,5426.25,2694.6,6556.86,-2731.65
UAE,2025-10,1.0,0.0,0.0,1.0,5.0,142.0,112.0,5.0,5426.25,2732.4,6466.68,-2693.85
UAE,2025-11,1.0,0.0,0.0,1.0,5.0,111.0,146.0,5.0,5426.25,2418.52,4474.27,-3007.73
UAE,2025-12,1.0,0.0,0.0,1.0,5.0,72.0,142.0,5.0,5426.25,2264.62,2717.55,-3161.63
Japan,2025-01,297.0,0.0,193.0,297.0,530.0,0.0,0.0,0.0,5051112.75,3239354.7,0.0,-1811758.0499999998
Japan,2025-02,104.0,0.0,0.0,104.0,500.0,0.0,0.0,0.0,429390.0,2871652.5,0.0,2442262.5
Japan,2025-03,104.0,0.0,1.0,104.0,533.0,0.0,0.0,530.0,449208.0,3106297.35,0.0,2657089.35
Japan,2025-04,103.0,0.0,4.0,103.0,491.0,0.0,0.0,500.0,504533.25,2965325.76,0.0,2460792.51
Japan,2025-05,99.0,0.0,0.0,99.0,486.0,0.0,0.0,533.0,408746.25,2905079.58,0.0,2496333.33
Japan,2025-06,99.0,0.0,0.0,99.0,456.0,0.0,0.0,491.0,408746.25,2707531.92,0.0,2298785.67
Japan,2025-07,99.0,0.0,0.0,99.0,486.0,0.0,0.0,486.0,408746.25,2842946.91,0.0,2434200.66
Japan,2025-08,99.0,0.0,0.0,99.0,428.0,0.0,0.0,456.0,408746.25,2559249.54,0.0,2150503.29
Japan,2025-09,99.0,32.0,0.0,131.0,557.0,0.0,0.0,486.0,540866.25,3265643.66,0.0,2724777.41
Japan,2025-10,131.0,0.0,0.0,131.0,747.0,0.0,0.0,428.0,540866.25,4229640.99,0.0,3688774.74
Japan,2025-11,131.0,16.0,0.0,147.0,563.0,205.0,0.0,557.0,606926.25,3276119.52,99408.6,2669193.27
Japan,2025-12,147.0,0.0,0.0,147.0,906.0,0.0,0.0,747.0,606926.25,5338831.5,0.0,4731905.25
France,2025-01,489.0,0.0,423.0,489.0,320.0,0.0,0.0,0.0,13727370.8,2256206.4,0.0,-11471164.4
France,2025-02,66.0,0.0,0.0,66.0,325.0,0.0,0.0,0.0,359612.0,2105166.38,0.0,1745554.38
France,2025-03,66.0,0.0,0.0,66.0,327.0,0.0,0.0,320.0,359612.0,2206411.24,0.0,1846799.2400000002
France,2025-04,66.0,0.0,0.0,66.0,330.0,0.0,0.0,325.0,359612.0,2284167.6,0.0,1924555.6
France,2025-05,66.0,0.0,0.0,66.0,329.0,0.0,0.0,327.0,359612.0,2159768.2,0.0,1800156.2000000002
France,2025-06,66.0,0.0,0.0,66.0,257.0,0.0,0.0,330.0,359612.0,1766218.37,0.0,1406606.37
France,2025-07,66.0,0.0,0.0,66.0,300.0,0.0,0.0,329.0,359612.0,2003737.5,0.0,1644125.5
France,2025-08,66.0,0.0,0.0,66.0,290.0,0.0,0.0,257.0,359612.0,1894938.3,0.0,1535326.3
France,2025-09,66.0,15.0,0.0,81.0,352.0,0.0,0.0,300.0,441342.0,2317312.8,0.0,1875970.7999999998
France,2025-10,81.0,0.0,0.0,81.0,458.0,0.0,0.0,290.0,441342.0,3022312.23,0.0,2580970.23
France,2025-11,81.0,9.0,0.0,90.0,352.0,109.0,0.0,352.0,490380.0,2247743.52,58002.85,1757363.52
France,2025-12,90.0,89.0,0.0,179.0,539.0,0.0,0.0,458.0,975311.33,3623260.41,0.0,2647949.08
Germany,2025-01,602.0,0.0,519.0,602.0,430.0,0.0,0.0,0.0,13230647.47,3405909.6,0.0,-9824737.870000001
Germany,2025-02,83.0,0.0,1.0,83.0,399.0,0.0,0.0,0.0,375549.87,3064379.85,0.0,2688829.98
Germany,2025-03,82.0,0.0,0.0,82.0,372.0,0.0,0.0,430.0,350741.33,2876551.38,0.0,2525810.05
Germany,2025-04,82.0,0.0,0.0,82.0,411.0,0.0,0.0,399.0,350741.33,3194271.45,0.0,2843530.12
Germany,2025-05,82.0,0.0,0.0,82.0,406.0,0.0,0.0,372.0,350741.33,3178925.19,0.0,2828183.86
Germany,2025-06,82.0,0.0,0.0,82.0,350.0,0.0,0.0,411.0,350741.33,2709645.75,0.0,2358904.42
Germany,2025-07,82.0,0.0,0.0,82.0,383.0,0.0,0.0,406.0,350741.33,3016469.7,0.0,2665728.37
Germany,2025-08,82.0,2.0,0.0,84.0,376.0,0.0,0.0,350.0,359296.0,2949612.84,0.0,2590316.84
Germany,2025-09,84.0,22.0,0.0,106.0,464.0,0.0,0.0,383.0,453397.33,3683921.04,0.0,3230523.71
Germany,2025-10,106.0,14.0,0.0,120.0,591.0,0.0,0.0,376.0,513280.0,4685374.12,0.0,4172094.12
Germany,2025-11,120.0,0.0,0.0,120.0,609.0,18.0,0.0,464.0,513280.0,4749807.2,11699.03,4236527.2
Germany,2025-12,120.0,119.0,0.0,239.0,583.0,0.0,0.0,591.0,1022282.67,4465406.88,0.0,3443124.21
Poland,2025-01,150.0,0.0,101.0,150.0,240.0,0.0,0.0,0.0,2050880.1,545259.6,0.0,-1505620.5
Poland,2025-02,49.0,0.0,0.0,49.0,242.0,0.0,0.0,0.0,158306.75,581427.99,0.0,423121.24
Poland,2025-03,49.0,0.0,0.0,49.0,234.0,0.0,0.0,240.0,158306.75,512389.8,0.0,354083.05
Poland,2025-04,49.0,0.0,0.0,49.0,245.0,0.0,0.0,242.0,158306.75,538427.93,0.0,380121.18000000005
Poland,2025-05,49.0,0.0,0.0,49.0,241.0,0.0,0.0,234.0,158306.75,545709.56,0.0,387402.81000000006
Poland,2025-06,49.0,0.0,0.0,49.0,185.0,0.0,0.0,245.0,158306.75,428046.52,0.0,269739.77
Poland,2025-07,49.0,0.0,0.0,49.0,215.0,2.0,0.0,241.0,158306.75,439003.12,340.31,280696.37
Poland,2025-08,49.0,0.0,0.0,49.0,219.0,0.0,0.0,185.0,158306.75,554166.36,0.0,395859.61
Poland,2025-09,49.0,8.0,0.0,57.0,240.0,0.0,2.0,215.0,184152.75,507999.6,0.0,323846.85
Poland,2025-10,57.0,0.0,0.0,57.0,330.0,0.0,0.0,219.0,184152.75,772006.95,0.0,587854.2
Poland,2025-11,57.0,7.0,0.0,64.0,240.0,86.0,0.0,240.0,206768.0,524750.4,15669.63,317982.4
Poland,2025-12,64.0,0.0,0.0,64.0,392.0,0.0,0.0,330.0,206768.0,832590.36,0.0,625822.36
Argentina,2025-01,200.0,0.0,185.0,200.0,72.0,0.0,0.0,0.0,1694288.0,103430.52,0.0,-1590857.48
Argentina,2025-02,15.0,0.0,1.0,15.0,71.0,0.0,0.0,0.0,30833.55,110898.45,0.0,80064.9
Argentina,2025-03,14.0,0.0,0.0,14.0,64.0,0.0,0.0,72.0,21801.5,94711.68,0.0,72910.18
Argentina,2025-04,14.0,0.0,0.0,14.0,75.0,0.0,0.0,71.0,21801.5,121196.25,0.0,99394.75
Argentina,2025-05,14.0,0.0,0.0,14.0,65.0,1.0,0.0,64.0,21801.5,105019.2,134.64,83217.7
Argentina,2025-06,14.0,0.0,0.0,14.0,53.0,0.0,0.0,75.0,21801.5,78733.62,0.0,56932.119999999995
Argentina,2025-07,14.0,0.0,0.0,14.0,72.0,0.0,1.0,65.0,21801.5,98852.4,0.0,77050.9
Argentina,2025-08,14.0,0.0,0.0,14.0,67.0,0.0,0.0,53.0,21801.5,92494.17,0.0,70692.67
Argentina,2025-09,14.0,3.0,0.0,17.0,65.0,0.0,0.0,72.0,26473.25,97902.68,0.0,71429.43
Argentina,2025-10,17.0,0.0,0.0,17.0,100.0,0.0,0.0,67.0,26473.25,147622.5,0.0,121149.25
Argentina,2025-11,17.0,3.0,0.0,20.0,70.0,29.0,0.0,65.0,31145.0,102863.25,3551.23,71718.25
Argentina,2025-12,20.0,20.0,0.0,40.0,128.0,0.0,0.0,100.0,62290.0,202901.76,0.0,140611.76
Mexico,2025-01,442.0,0.0,365.0,442.0,378.0,0.0,0.0,0.0,3618088.83,1248397.92,0.0,-2369690.91
Mexico,2025-02,77.0,0.0,0.0,77.0,376.0,0.0,0.0,0.0,126979.42,1155297.6,0.0,1028318.18
Mexico,2025-03,77.0,0.0,0.0,77.0,367.0,0.0,0.0,378.0,126979.42,1217072.92,0.0,1090093.5
Mexico,2025-04,77.0,0.0,0.0,77.0,385.0,0.0,0.0,376.0,126979.42,1220373.0,0.0,1093393.58
Mexico,2025-05,77.0,0.0,0.0,77.0,385.0,0.0,0.0,367.0,126979.42,1245580.88,0.0,1118601.46
Mexico,2025-06,77.0,0.0,0.0,77.0,324.0,0.0,0.0,385.0,126979.42,1082040.12,0.0,955060.7000000001
Mexico,2025-07,77.0,0.0,0.0,77.0,354.0,0.0,0.0,385.0,126979.42,1014247.17,0.0,887267.75
Mexico,2025-08,77.0,0.0,0.0,77.0,313.0,0.0,0.0,324.0,126979.42,959146.25,0.0,832166.83
Mexico,2025-09,77.0,24.0,0.0,101.0,425.0,0.0,0.0,354.0,166557.42,1325592.0,0.0,1159034.58
Mexico,2025-10,101.0,13.0,0.0,114.0,576.0,0.0,0.0,313.0,187995.5,1864140.48,0.0,1676144.98
Mexico,2025-11,114.0,0.0,0.0,114.0,564.0,4.0,0.0,425.0,187995.5,1882256.94,1112.45,1694261.44
Mexico,2025-12,114.0,114.0,0.0,228.0,504.0,0.0,0.0,576.0,375991.0,1625271.48,0.0,1249280.48
Spain,2025-01,150.0,0.0,95.0,150.0,261.0,0.0,0.0,0.0,1707607.0,763824.33,0.0,-943782.67
Spain,2025-02,55.0,0.0,0.0,55.0,260.0,0.0,0.0,0.0,154980.83,742751.1,0.0,587770.27
Spain,2025-03,55.0,0.0,0.0,55.0,271.0,0.0,0.0,261.0,154980.83,803479.77,0.0,648498.9400000001
Spain,2025-04,55.0,0.0,0.0,55.0,273.0,0.0,0.0,260.0,154980.83,855625.68,0.0,700644.8500000001
Spain,2025-05,55.0,0.0,0.0,55.0,277.0,0.0,0.0,271.0,154980.83,869919.88,0.0,714939.05
Spain,2025-06,55.0,0.0,0.0,55.0,250.0,0.0,0.0,273.0,154980.83,775001.25,0.0,620020.42
Spain,2025-07,55.0,0.0,0.0,55.0,234.0,0.0,0.0,277.0,154980.83,679311.36,0.0,524330.53
Spain,2025-08,55.0,3.0,0.0,58.0,260.0,0.0,0.0,250.0,163434.33,718637.4,0.0,555203.0700000001
Spain,2025-09,58.0,15.0,0.0,73.0,313.0,0.0,0.0,234.0,205701.83,874847.52,0.0,669145.6900000001
Spain,2025-10,73.0,0.0,0.0,73.0,414.0,0.0,0.0,260.0,205701.83,1234051.2,0.0,1028349.37
Spain,2025-11,73.0,7.0,0.0,80.0,316.0,88.0,0.0,313.0,225426.67,891380.7,20686.05,665954.0299999999
Spain,2025-12,80.0,0.0,0.0,80.0,484.0,0.0,0.0,414.0,225426.67,1436565.24,0.0,1211138.57
South Africa,2025-01,78.0,0.0,30.0,78.0,212.0,0.0,0.0,0.0,482443.0,280018.08,0.0,-202424.91999999998
South Africa,2025-02,48.0,0.0,0.0,48.0,228.0,0.0,0.0,0.0,104312.0,347690.88,0.0,243378.88
South Africa,2025-03,48.0,0.0,0.0,48.0,244.0,0.0,0.0,212.0,104312.0,330025.86,0.0,225713.86
South Africa,2025-04,48.0,0.0,2.0,48.0,232.0,0.0,0.0,228.0,125174.4,312918.12,0.0,187743.72
South Africa,2025-05,46.0,0.0,0.0,46.0,227.0,0.0,0.0,244.0,99965.67,318799.94,0.0,218834.27000000002
South Africa,2025-06,46.0,0.0,0.0,46.0,204.0,0.0,0.0,232.0,99965.67,288233.64,0.0,188267.97000000003
South Africa,2025-07,46.0,0.0,0.0,46.0,206.0,0.0,0.0,227.0,99965.67,295286.58,0.0,195320.91000000003
South Africa,2025-08,46.0,0.0,0.0,46.0,202.0,0.0,0.0,204.0,99965.67,276981.39,0.0,177015.72000000003
South Africa,2025-09,46.0,15.0,0.0,61.0,254.0,0.0,0.0,206.0,132563.17,345231.72,0.0,212668.54999999996
South Africa,2025-10,61.0,0.0,0.0,61.0,350.0,0.0,0.0,202.0,132563.17,501322.5,0.0,368759.32999999996
South Africa,2025-11,61.0,3.0,0.0,64.0,260.0,81.0,0.0,254.0,139082.67,357458.4,9280.17,218375.73
South Africa,2025-12,64.0,63.0,0.0,127.0,375.0,0.0,0.0,350.0,275992.17,511261.88,0.0,235269.71000000002
India,2025-01,428.0,0.0,200.0,428.0,1159.0,0.0,0.0,0.0,1632982.0,7157334.96,0.0,5524352.96
India,2025-02,228.0,0.0,3.0,228.0,1120.0,0.0,0.0,0.0,285183.6,7152667.2,0.0,6867483.600000001
India,2025-03,225.0,0.0,3.0,225.0,1123.0,0.0,0.0,1159.0,281654.1,7088443.38,0.0,6806789.28
India,2025-04,222.0,0.0,3.0,222.0,1092.0,0.0,0.0,1120.0,278124.6,6862695.84,0.0,6584571.24
India,2025-05,219.0,0.0,0.0,219.0,1083.0,0.0,0.0,1123.0,257653.5,6606419.13,0.0,6348765.63
India,2025-06,219.0,0.0,0.0,219.0,939.0,0.0,0.0,1092.0,257653.5,5915488.72,0.0,5657835.22
India,2025-07,219.0,0.0,0.0,219.0,1019.0,0.0,0.0,1083.0,257653.5,6292085.54,0.0,6034432.04
India,2025-08,219.0,0.0,0.0,219.0,1001.0,0.0,0.0,939.0,257653.5,6208912.71,0.0,5951259.21
India,2025-09,219.0,59.0,0.0,278.0,1182.0,0.0,0.0,1019.0,327067.0,7356017.43,0.0,7028950.43
India,2025-10,278.0,48.0,0.0,326.0,1590.0,0.0,0.0,1001.0,383539.0,9707546.25,0.0,9324007.25
India,2025-11,326.0,0.0,0.0,326.0,1670.0,2.0,0.0,1182.0,383539.0,10458625.5,1043.78,10075086.5
India,2025-12,326.0,0.0,0.0,326.0,1468.0,0.0,0.0,1590.0,383539.0,9328728.96,0.0,8945189.96
USA,2025-01,652.0,0.0,450.0,652.0,1024.0,0.0,0.0,0.0,18212621.0,11653770.24,0.0,-6558850.76
USA,2025-02,202.0,0.0,0.0,202.0,996.0,0.0,0.0,0.0,1308303.5,11680002.36,0.0,10371698.86
USA,2025-03,202.0,0.0,2.0,202.0,1024.0,0.0,0.0,1024.0,1370480.3,11954580.48,0.0,10584100.18
USA,2025-04,200.0,0.0,1.0,200.0,972.0,0.0,0.0,996.0,1326438.4,11323105.02,0.0,9996666.62
USA,2025-05,199.0,0.0,0.0,199.0,943.0,0.0,0.0,1024.0,1288873.25,10973563.7,0.0,9684690.45
USA,2025-06,199.0,0.0,0.0,199.0,859.0,0.0,0.0,972.0,1288873.25,9798230.75,0.0,8509357.5
USA,2025-07,199.0,0.0,0.0,199.0,915.0,0.0,0.0,943.0,1288873.25,10710111.6,0.0,9421238.35
USA,2025-08,199.0,0.0,0.0,199.0,919.0,0.0,0.0,859.0,1288873.25,10544656.54,0.0,9255783.29
USA,2025-09,199.0,58.0,0.0,257.0,1063.0,0.0,0.0,915.0,1664524.75,12548077.2,0.0,10883552.45
USA,2025-10,257.0,28.0,0.0,285.0,1499.0,0.0,0.0,919.0,1845873.75,17407437.3,0.0,15561563.55
USA,2025-11,285.0,0.0,0.0,285.0,1351.0,127.0,0.0,1063.0,1845873.75,15545038.32,121775.22,13699164.57
USA,2025-12,285.0,0.0,0.0,285.0,1496.0,0.0,0.0,1499.0,1845873.75,17389765.8,0.0,15543892.05
Thailand,2025-01,139.0,0.0,119.0,139.0,96.0,0.0,0.0,0.0,1437503.98,131090.4,0.0,-1306413.58
Thailand,2025-02,20.0,0.0,1.0,20.0,100.0,0.0,0.0,0.0,50197.27,130086.0,0.0,79888.73000000001
Thailand,2025-03,19.0,0.0,1.0,19.0,90.0,0.0,0.0,96.0,48173.18,121475.7,0.0,73302.51999999999
Thailand,2025-04,18.0,0.0,0.0,18.0,81.0,0.0,0.0,100.0,36433.5,100591.06,0.0,64157.56
Thailand,2025-05,18.0,0.0,0.0,18.0,97.0,0.0,0.0,90.0,36433.5,133411.86,0.0,96978.35999999999
Thailand,2025-06,18.0,0.0,0.0,18.0,80.0,0.0,0.0,81.0,36433.5,97470.0,0.0,61036.5
Thailand,2025-07,18.0,0.0,0.0,18.0,84.0,0.0,0.0,97.0,36433.5,111517.56,0.0,75084.06
Thailand,2025-08,18.0,0.0,0.0,18.0,71.0,0.0,0.0,80.0,36433.5,82268.06,0.0,45834.56
Thailand,2025-09,18.0,5.0,0.0,23.0,105.0,0.0,0.0,84.0,46553.92,133797.83,0.0,87243.90999999999
Thailand,2025-10,23.0,0.0,0.0,23.0,125.0,0.0,0.0,71.0,46553.92,190417.5,0.0,143863.58000000002
Thailand,2025-11,23.0,3.0,0.0,26.0,105.0,30.0,0.0,105.0,52626.17,137979.45,3285.23,85353.28000000001
Thailand,2025-12,26.0,26.0,0.0,52.0,154.0,0.0,0.0,125.0,105252.33,191642.22,0.0,86389.89
